country,year,sex,no_neonataldeath
Afghanistan,2016,Both sexes,46963.0
Afghanistan,2017,Both sexes,45771.0
Afghanistan,2013,Both sexes,51219.0
Afghanistan,2018,Both sexes,44725.0
Afghanistan,2015,Both sexes,48237.0
Afghanistan,2014,Both sexes,49715.0
Albania,2016,Both sexes,218.0
Albania,2017,Both sexes,221.0
Albania,2018,Both sexes,222.0
Albania,2013,Both sexes,210.0
Albania,2015,Both sexes,215.0
Albania,2014,Both sexes,212.0
Algeria,2015,Both sexes,15661.0
Algeria,2017,Both sexes,15287.0
Algeria,2018,Both sexes,14897.0
Algeria,2016,Both sexes,15550.0
Algeria,2014,Both sexes,15635.0
Algeria,2013,Both sexes,15510.0
Andorra,2016,Both sexes,1.0
Andorra,2015,Both sexes,1.0
Andorra,2014,Both sexes,1.0
Andorra,2013,Both sexes,1.0
Andorra,2018,Both sexes,1.0
Andorra,2017,Both sexes,1.0
Angola,2016,Both sexes,36136.0
Angola,2018,Both sexes,35780.0
Angola,2017,Both sexes,35922.0
Angola,2013,Both sexes,37355.0
Angola,2015,Both sexes,36480.0
Angola,2014,Both sexes,36838.0
Antigua and Barbuda,2018,Both sexes,5.0
Antigua and Barbuda,2017,Both sexes,5.0
Antigua and Barbuda,2016,Both sexes,6.0
Antigua and Barbuda,2015,Both sexes,6.0
Antigua and Barbuda,2014,Both sexes,6.0
Antigua and Barbuda,2013,Both sexes,6.0
Argentina,2018,Both sexes,4802.0
Argentina,2017,Both sexes,4828.0
Argentina,2016,Both sexes,4862.0
Argentina,2013,Both sexes,5469.0
Argentina,2014,Both sexes,5260.0
Argentina,2015,Both sexes,5016.0
Armenia,2013,Both sexes,366.0
Armenia,2014,Both sexes,345.0
Armenia,2015,Both sexes,325.0
Armenia,2017,Both sexes,286.0
Armenia,2018,Both sexes,266.0
Armenia,2016,Both sexes,305.0
Australia,2015,Both sexes,737.0
Australia,2018,Both sexes,723.0
Australia,2017,Both sexes,729.0
Australia,2016,Both sexes,732.0
Australia,2014,Both sexes,745.0
Australia,2013,Both sexes,758.0
Austria,2014,Both sexes,190.0
Austria,2017,Both sexes,187.0
Austria,2013,Both sexes,191.0
Austria,2015,Both sexes,190.0
Austria,2016,Both sexes,189.0
Austria,2018,Both sexes,185.0
Azerbaijan,2018,Both sexes,1868.0
Azerbaijan,2017,Both sexes,2044.0
Azerbaijan,2016,Both sexes,2245.0
Azerbaijan,2015,Both sexes,2459.0
Azerbaijan,2014,Both sexes,2672.0
Azerbaijan,2013,Both sexes,2878.0
Bahamas,2018,Both sexes,29.0
Bahamas,2016,Both sexes,31.0
Bahamas,2015,Both sexes,32.0
Bahamas,2014,Both sexes,33.0
Bahamas,2013,Both sexes,34.0
Bahamas,2017,Both sexes,30.0
Bahrain,2013,Both sexes,67.0
Bahrain,2014,Both sexes,68.0
Bahrain,2015,Both sexes,69.0
Bahrain,2016,Both sexes,68.0
Bahrain,2017,Both sexes,67.0
Bahrain,2018,Both sexes,66.0
Bangladesh,2016,Both sexes,57787.0
Bangladesh,2015,Both sexes,62219.0
Bangladesh,2014,Both sexes,66316.0
Bangladesh,2013,Both sexes,70466.0
Bangladesh,2017,Both sexes,53785.0
Bangladesh,2018,Both sexes,50244.0
Barbados,2014,Both sexes,27.0
Barbados,2013,Both sexes,28.0
Barbados,2016,Both sexes,26.0
Barbados,2017,Both sexes,25.0
Barbados,2015,Both sexes,26.0
Barbados,2018,Both sexes,24.0
Belarus,2013,Both sexes,204.0
Belarus,2014,Both sexes,199.0
Belarus,2015,Both sexes,189.0
Belarus,2016,Both sexes,175.0
Belarus,2018,Both sexes,145.0
Belarus,2017,Both sexes,159.0
Belgium,2014,Both sexes,282.0
Belgium,2018,Both sexes,254.0
Belgium,2013,Both sexes,286.0
Belgium,2016,Both sexes,270.0
Belgium,2015,Both sexes,277.0
Belgium,2017,Both sexes,262.0
Belize,2018,Both sexes,69.0
Belize,2013,Both sexes,81.0
Belize,2014,Both sexes,80.0
Belize,2015,Both sexes,78.0
Belize,2016,Both sexes,76.0
Belize,2017,Both sexes,72.0
Benin,2018,Both sexes,13041.0
Benin,2017,Both sexes,13016.0
Benin,2013,Both sexes,12831.0
Benin,2014,Both sexes,12876.0
Benin,2016,Both sexes,12986.0
Benin,2015,Both sexes,12932.0
Bhutan,2015,Both sexes,239.0
Bhutan,2013,Both sexes,261.0
Bhutan,2016,Both sexes,231.0
Bhutan,2017,Both sexes,222.0
Bhutan,2014,Both sexes,250.0
Bhutan,2018,Both sexes,214.0
Bolivia (Plurinational State of),2013,Both sexes,4574.0
Bolivia (Plurinational State of),2014,Both sexes,4297.0
Bolivia (Plurinational State of),2015,Both sexes,4061.0
Bolivia (Plurinational State of),2016,Both sexes,3859.0
Bolivia (Plurinational State of),2018,Both sexes,3533.0
Bolivia (Plurinational State of),2017,Both sexes,3685.0
Bosnia and Herzegovina,2015,Both sexes,131.0
Bosnia and Herzegovina,2016,Both sexes,124.0
Bosnia and Herzegovina,2013,Both sexes,147.0
Bosnia and Herzegovina,2014,Both sexes,139.0
Bosnia and Herzegovina,2018,Both sexes,111.0
Bosnia and Herzegovina,2017,Both sexes,117.0
Botswana,2016,Both sexes,1472.0
Botswana,2017,Both sexes,1421.0
Botswana,2015,Both sexes,1524.0
Botswana,2013,Both sexes,1592.0
Botswana,2018,Both sexes,1370.0
Botswana,2014,Both sexes,1562.0
Brazil,2013,Both sexes,29641.0
Brazil,2017,Both sexes,24944.0
Brazil,2016,Both sexes,28437.0
Brazil,2015,Both sexes,27783.0
Brazil,2014,Both sexes,28826.0
Brazil,2018,Both sexes,23715.0
Brunei Darussalam,2016,Both sexes,35.0
Brunei Darussalam,2015,Both sexes,35.0
Brunei Darussalam,2013,Both sexes,34.0
Brunei Darussalam,2014,Both sexes,34.0
Brunei Darussalam,2018,Both sexes,35.0
Brunei Darussalam,2017,Both sexes,35.0
Bulgaria,2014,Both sexes,288.0
Bulgaria,2018,Both sexes,227.0
Bulgaria,2017,Both sexes,240.0
Bulgaria,2016,Both sexes,254.0
Bulgaria,2015,Both sexes,270.0
Bulgaria,2013,Both sexes,310.0
Burkina Faso,2014,Both sexes,19049.0
Burkina Faso,2013,Both sexes,19295.0
Burkina Faso,2016,Both sexes,18730.0
Burkina Faso,2017,Both sexes,18663.0
Burkina Faso,2018,Both sexes,18540.0
Burkina Faso,2015,Both sexes,18870.0
Burundi,2018,Both sexes,9483.0
Burundi,2013,Both sexes,10074.0
Burundi,2014,Both sexes,9929.0
Burundi,2015,Both sexes,9800.0
Burundi,2017,Both sexes,9572.0
Burundi,2016,Both sexes,9683.0
Cabo Verde,2018,Both sexes,123.0
Cabo Verde,2014,Both sexes,146.0
Cabo Verde,2013,Both sexes,152.0
Cabo Verde,2017,Both sexes,128.0
Cabo Verde,2015,Both sexes,140.0
Cabo Verde,2016,Both sexes,134.0
Cambodia,2016,Both sexes,5764.0
Cambodia,2015,Both sexes,6053.0
Cambodia,2014,Both sexes,6376.0
Cambodia,2013,Both sexes,6755.0
Cambodia,2017,Both sexes,5503.0
Cambodia,2018,Both sexes,5263.0
Cameroon,2017,Both sexes,23901.0
Cameroon,2018,Both sexes,23707.0
Cameroon,2016,Both sexes,24079.0
Cameroon,2015,Both sexes,24199.0
Cameroon,2014,Both sexes,24298.0
Cameroon,2013,Both sexes,24340.0
Canada,2018,Both sexes,1309.0
Canada,2013,Both sexes,1392.0
Canada,2017,Both sexes,1328.0
Canada,2015,Both sexes,1357.0
Canada,2016,Both sexes,1342.0
Canada,2014,Both sexes,1374.0
Central African Republic,2018,Both sexes,6841.0
Central African Republic,2015,Both sexes,7161.0
Central African Republic,2014,Both sexes,7312.0
Central African Republic,2013,Both sexes,7469.0
Central African Republic,2017,Both sexes,6917.0
Central African Republic,2016,Both sexes,7024.0
Chad,2017,Both sexes,22321.0
Chad,2018,Both sexes,22350.0
Chad,2015,Both sexes,22205.0
Chad,2013,Both sexes,21990.0
Chad,2014,Both sexes,22130.0
Chad,2016,Both sexes,22280.0
Chile,2013,Both sexes,1324.0
Chile,2015,Both sexes,1268.0
Chile,2016,Both sexes,1227.0
Chile,2017,Both sexes,1180.0
Chile,2018,Both sexes,1130.0
Chile,2014,Both sexes,1300.0
China,2018,Both sexes,72600.0
China,2017,Both sexes,79312.0
China,2014,Both sexes,104048.0
China,2016,Both sexes,86915.0
China,2015,Both sexes,95221.0
China,2013,Both sexes,113547.0
Colombia,2018,Both sexes,5715.0
Colombia,2016,Both sexes,6140.0
Colombia,2015,Both sexes,6347.0
Colombia,2014,Both sexes,6577.0
Colombia,2017,Both sexes,5931.0
Colombia,2013,Both sexes,6809.0
Comoros,2015,Both sexes,871.0
Comoros,2016,Both sexes,858.0
Comoros,2017,Both sexes,849.0
Comoros,2018,Both sexes,837.0
Comoros,2013,Both sexes,890.0
Comoros,2014,Both sexes,879.0
Congo,2017,Both sexes,3534.0
Congo,2018,Both sexes,3498.0
Congo,2016,Both sexes,3559.0
Congo,2015,Both sexes,3586.0
Congo,2014,Both sexes,3620.0
Congo,2013,Both sexes,3632.0
Cook Islands,2016,Both sexes,1.0
Cook Islands,2018,Both sexes,1.0
Cook Islands,2017,Both sexes,1.0
Cook Islands,2015,Both sexes,1.0
Cook Islands,2014,Both sexes,1.0
Cook Islands,2013,Both sexes,2.0
Costa Rica,2016,Both sexes,426.0
Costa Rica,2014,Both sexes,443.0
Costa Rica,2018,Both sexes,411.0
Costa Rica,2013,Both sexes,454.0
Costa Rica,2017,Both sexes,419.0
Costa Rica,2015,Both sexes,434.0
Croatia,2017,Both sexes,104.0
Croatia,2018,Both sexes,96.0
Croatia,2015,Both sexes,120.0
Croatia,2016,Both sexes,113.0
Croatia,2014,Both sexes,126.0
Croatia,2013,Both sexes,132.0
Cuba,2018,Both sexes,241.0
Cuba,2014,Both sexes,295.0
Cuba,2013,Both sexes,311.0
Cuba,2016,Both sexes,266.0
Cuba,2015,Both sexes,279.0
Cuba,2017,Both sexes,253.0
Cyprus,2018,Both sexes,17.0
Cyprus,2013,Both sexes,22.0
Cyprus,2014,Both sexes,21.0
Cyprus,2015,Both sexes,20.0
Cyprus,2017,Both sexes,18.0
Cyprus,2016,Both sexes,19.0
Czechia,2013,Both sexes,173.0
Czechia,2014,Both sexes,173.0
Czechia,2015,Both sexes,176.0
Czechia,2016,Both sexes,182.0
Czechia,2018,Both sexes,195.0
Czechia,2017,Both sexes,190.0
Côte d'Ivoire,2018,Both sexes,30061.0
Côte d'Ivoire,2015,Both sexes,30193.0
Côte d'Ivoire,2016,Both sexes,30178.0
Côte d'Ivoire,2014,Both sexes,30215.0
Côte d'Ivoire,2013,Both sexes,30235.0
Côte d'Ivoire,2017,Both sexes,30157.0
Democratic People's Republic of Korea,2017,Both sexes,3593.0
Democratic People's Republic of Korea,2014,Both sexes,4159.0
Democratic People's Republic of Korea,2015,Both sexes,3933.0
Democratic People's Republic of Korea,2016,Both sexes,3755.0
Democratic People's Republic of Korea,2018,Both sexes,3427.0
Democratic People's Republic of Korea,2013,Both sexes,4429.0
Democratic Republic of the Congo,2013,Both sexes,96899.0
Democratic Republic of the Congo,2016,Both sexes,97614.0
Democratic Republic of the Congo,2014,Both sexes,97159.0
Democratic Republic of the Congo,2015,Both sexes,97455.0
Democratic Republic of the Congo,2017,Both sexes,97703.0
Democratic Republic of the Congo,2018,Both sexes,97922.0
Denmark,2014,Both sexes,180.0
Denmark,2013,Both sexes,177.0
Denmark,2015,Both sexes,184.0
Denmark,2016,Both sexes,188.0
Denmark,2018,Both sexes,191.0
Denmark,2017,Both sexes,190.0
Djibouti,2013,Both sexes,751.0
Djibouti,2014,Both sexes,733.0
Djibouti,2015,Both sexes,711.0
Djibouti,2016,Both sexes,692.0
Djibouti,2017,Both sexes,671.0
Djibouti,2018,Both sexes,652.0
Dominica,2017,Both sexes,27.0
Dominica,2016,Both sexes,25.0
Dominica,2014,Both sexes,22.0
Dominica,2018,Both sexes,27.0
Dominica,2015,Both sexes,24.0
Dominica,2013,Both sexes,20.0
Dominican Republic,2013,Both sexes,4606.0
Dominican Republic,2014,Both sexes,4523.0
Dominican Republic,2018,Both sexes,4024.0
Dominican Republic,2016,Both sexes,4293.0
Dominican Republic,2015,Both sexes,4418.0
Dominican Republic,2017,Both sexes,4163.0
Ecuador,2018,Both sexes,2435.0
Ecuador,2013,Both sexes,2741.0
Ecuador,2017,Both sexes,2499.0
Ecuador,2016,Both sexes,2564.0
Ecuador,2015,Both sexes,2621.0
Ecuador,2014,Both sexes,2680.0
Egypt,2018,Both sexes,29070.0
Egypt,2017,Both sexes,30193.0
Egypt,2013,Both sexes,34157.0
Egypt,2014,Both sexes,33389.0
Egypt,2015,Both sexes,32472.0
Egypt,2016,Both sexes,31382.0
El Salvador,2018,Both sexes,781.0
El Salvador,2015,Both sexes,886.0
El Salvador,2017,Both sexes,815.0
El Salvador,2013,Both sexes,971.0
El Salvador,2016,Both sexes,849.0
El Salvador,2014,Both sexes,926.0
Equatorial Guinea,2016,Both sexes,1296.0
Equatorial Guinea,2014,Both sexes,1286.0
Equatorial Guinea,2013,Both sexes,1282.0
Equatorial Guinea,2017,Both sexes,1299.0
Equatorial Guinea,2018,Both sexes,1300.0
Equatorial Guinea,2015,Both sexes,1291.0
Eritrea,2016,Both sexes,2056.0
Eritrea,2015,Both sexes,2117.0
Eritrea,2014,Both sexes,2188.0
Eritrea,2013,Both sexes,2262.0
Eritrea,2017,Both sexes,1990.0
Eritrea,2018,Both sexes,1935.0
Estonia,2015,Both sexes,20.0
Estonia,2018,Both sexes,17.0
Estonia,2014,Both sexes,22.0
Estonia,2017,Both sexes,18.0
Estonia,2016,Both sexes,19.0
Estonia,2013,Both sexes,24.0
Eswatini,2014,Both sexes,575.0
Eswatini,2017,Both sexes,531.0
Eswatini,2018,Both sexes,517.0
Eswatini,2016,Both sexes,546.0
Eswatini,2015,Both sexes,560.0
Eswatini,2013,Both sexes,591.0
Ethiopia,2018,Both sexes,99275.0
Ethiopia,2013,Both sexes,108643.0
Ethiopia,2017,Both sexes,100808.0
Ethiopia,2016,Both sexes,102341.0
Ethiopia,2015,Both sexes,104326.0
Ethiopia,2014,Both sexes,106498.0
Fiji,2016,Both sexes,199.0
Fiji,2018,Both sexes,205.0
Fiji,2017,Both sexes,203.0
Fiji,2015,Both sexes,195.0
Fiji,2013,Both sexes,187.0
Fiji,2014,Both sexes,191.0
Finland,2018,Both sexes,49.0
Finland,2016,Both sexes,61.0
Finland,2015,Both sexes,67.0
Finland,2014,Both sexes,73.0
Finland,2013,Both sexes,79.0
Finland,2017,Both sexes,55.0
France,2016,Both sexes,1883.0
France,2018,Both sexes,1854.0
France,2017,Both sexes,1878.0
France,2015,Both sexes,1863.0
France,2014,Both sexes,1818.0
France,2013,Both sexes,1766.0
Gabon,2017,Both sexes,1422.0
Gabon,2016,Both sexes,1434.0
Gabon,2015,Both sexes,1436.0
Gabon,2014,Both sexes,1433.0
Gabon,2013,Both sexes,1420.0
Gabon,2018,Both sexes,1404.0
Gambia,2016,Both sexes,2326.0
Gambia,2015,Both sexes,2329.0
Gambia,2014,Both sexes,2327.0
Gambia,2013,Both sexes,2321.0
Gambia,2018,Both sexes,2315.0
Gambia,2017,Both sexes,2321.0
Georgia,2013,Both sexes,456.0
Georgia,2017,Both sexes,334.0
Georgia,2016,Both sexes,356.0
Georgia,2015,Both sexes,385.0
Georgia,2014,Both sexes,420.0
Georgia,2018,Both sexes,317.0
Germany,2016,Both sexes,1692.0
Germany,2013,Both sexes,1595.0
Germany,2017,Both sexes,1703.0
Germany,2014,Both sexes,1627.0
Germany,2015,Both sexes,1662.0
Germany,2018,Both sexes,1694.0
Ghana,2013,Both sexes,23137.0
Ghana,2014,Both sexes,22716.0
Ghana,2015,Both sexes,22302.0
Ghana,2016,Both sexes,21858.0
Ghana,2017,Both sexes,21397.0
Ghana,2018,Both sexes,20959.0
Greece,2014,Both sexes,237.0
Greece,2015,Both sexes,234.0
Greece,2016,Both sexes,229.0
Greece,2017,Both sexes,220.0
Greece,2018,Both sexes,210.0
Greece,2013,Both sexes,236.0
Grenada,2016,Both sexes,18.0
Grenada,2017,Both sexes,18.0
Grenada,2013,Both sexes,17.0
Grenada,2014,Both sexes,18.0
Grenada,2015,Both sexes,18.0
Grenada,2018,Both sexes,18.0
Guatemala,2018,Both sexes,5212.0
Guatemala,2017,Both sexes,5351.0
Guatemala,2016,Both sexes,5503.0
Guatemala,2015,Both sexes,5664.0
Guatemala,2014,Both sexes,5845.0
Guatemala,2013,Both sexes,6021.0
Guinea,2015,Both sexes,14056.0
Guinea,2016,Both sexes,14067.0
Guinea,2013,Both sexes,14126.0
Guinea,2018,Both sexes,14091.0
Guinea,2017,Both sexes,14064.0
Guinea,2014,Both sexes,14077.0
Guinea-Bissau,2014,Both sexes,2537.0
Guinea-Bissau,2017,Both sexes,2439.0
Guinea-Bissau,2016,Both sexes,2477.0
Guinea-Bissau,2015,Both sexes,2505.0
Guinea-Bissau,2013,Both sexes,2575.0
Guinea-Bissau,2018,Both sexes,2406.0
Guyana,2015,Both sexes,316.0
Guyana,2014,Both sexes,326.0
Guyana,2013,Both sexes,336.0
Guyana,2016,Both sexes,305.0
Guyana,2017,Both sexes,294.0
Guyana,2018,Both sexes,283.0
Haiti,2017,Both sexes,7201.0
Haiti,2018,Both sexes,7044.0
Haiti,2016,Both sexes,7350.0
Haiti,2015,Both sexes,7492.0
Haiti,2014,Both sexes,7616.0
Haiti,2013,Both sexes,7706.0
Honduras,2014,Both sexes,2262.0
Honduras,2016,Both sexes,2117.0
Honduras,2015,Both sexes,2186.0
Honduras,2017,Both sexes,2053.0
Honduras,2013,Both sexes,2348.0
Honduras,2018,Both sexes,1993.0
Hungary,2016,Both sexes,234.0
Hungary,2015,Both sexes,248.0
Hungary,2014,Both sexes,262.0
Hungary,2013,Both sexes,274.0
Hungary,2018,Both sexes,208.0
Hungary,2017,Both sexes,220.0
Iceland,2015,Both sexes,5.0
Iceland,2014,Both sexes,5.0
Iceland,2013,Both sexes,5.0
Iceland,2018,Both sexes,4.0
Iceland,2016,Both sexes,4.0
Iceland,2017,Both sexes,4.0
India,2013,Both sexes,702444.0
India,2014,Both sexes,665563.0
India,2015,Both sexes,632689.0
India,2016,Both sexes,602279.0
India,2018,Both sexes,549227.0
India,2017,Both sexes,574611.0
Indonesia,2018,Both sexes,61592.0
Indonesia,2013,Both sexes,78150.0
Indonesia,2014,Both sexes,74423.0
Indonesia,2015,Both sexes,70875.0
Indonesia,2016,Both sexes,67489.0
Indonesia,2017,Both sexes,64422.0
Iran (Islamic Republic of),2016,Both sexes,14476.0
Iran (Islamic Republic of),2015,Both sexes,14778.0
Iran (Islamic Republic of),2018,Both sexes,13590.0
Iran (Islamic Republic of),2017,Both sexes,14102.0
Iran (Islamic Republic of),2014,Both sexes,15069.0
Iran (Islamic Republic of),2013,Both sexes,15307.0
Iraq,2018,Both sexes,17056.0
Iraq,2017,Both sexes,17501.0
Iraq,2015,Both sexes,18452.0
Iraq,2014,Both sexes,18920.0
Iraq,2013,Both sexes,19323.0
Iraq,2016,Both sexes,17975.0
Ireland,2016,Both sexes,154.0
Ireland,2015,Both sexes,160.0
Ireland,2014,Both sexes,165.0
Ireland,2013,Both sexes,170.0
Ireland,2018,Both sexes,141.0
Ireland,2017,Both sexes,148.0
Israel,2018,Both sexes,327.0
Israel,2017,Both sexes,336.0
Israel,2016,Both sexes,344.0
Israel,2015,Both sexes,351.0
Israel,2014,Both sexes,357.0
Israel,2013,Both sexes,363.0
Italy,2018,Both sexes,905.0
Italy,2017,Both sexes,955.0
Italy,2013,Both sexes,1168.0
Italy,2014,Both sexes,1104.0
Italy,2015,Both sexes,1049.0
Italy,2016,Both sexes,1002.0
Jamaica,2016,Both sexes,524.0
Jamaica,2015,Both sexes,544.0
Jamaica,2014,Both sexes,566.0
Jamaica,2013,Both sexes,588.0
Jamaica,2017,Both sexes,503.0
Jamaica,2018,Both sexes,483.0
Japan,2014,Both sexes,986.0
Japan,2015,Both sexes,936.0
Japan,2013,Both sexes,1037.0
Japan,2018,Both sexes,807.0
Japan,2017,Both sexes,844.0
Japan,2016,Both sexes,883.0
Jordan,2018,Both sexes,2050.0
Jordan,2017,Both sexes,2130.0
Jordan,2014,Both sexes,2363.0
Jordan,2015,Both sexes,2293.0
Jordan,2013,Both sexes,2422.0
Jordan,2016,Both sexes,2214.0
Kazakhstan,2014,Both sexes,2421.0
Kazakhstan,2017,Both sexes,2150.0
Kazakhstan,2018,Both sexes,2150.0
Kazakhstan,2016,Both sexes,2157.0
Kazakhstan,2015,Both sexes,2223.0
Kazakhstan,2013,Both sexes,2791.0
Kenya,2013,Both sexes,31853.0
Kenya,2014,Both sexes,31144.0
Kenya,2015,Both sexes,30546.0
Kenya,2016,Both sexes,29940.0
Kenya,2018,Both sexes,28911.0
Kenya,2017,Both sexes,29369.0
Kiribati,2014,Both sexes,78.0
Kiribati,2018,Both sexes,74.0
Kiribati,2015,Both sexes,78.0
Kiribati,2016,Both sexes,77.0
Kiribati,2013,Both sexes,79.0
Kiribati,2017,Both sexes,75.0
Kuwait,2013,Both sexes,309.0
Kuwait,2017,Both sexes,270.0
Kuwait,2014,Both sexes,302.0
Kuwait,2015,Both sexes,293.0
Kuwait,2016,Both sexes,282.0
Kuwait,2018,Both sexes,257.0
Kyrgyzstan,2018,Both sexes,2057.0
Kyrgyzstan,2017,Both sexes,2202.0
Kyrgyzstan,2014,Both sexes,2538.0
Kyrgyzstan,2015,Both sexes,2468.0
Kyrgyzstan,2016,Both sexes,2347.0
Kyrgyzstan,2013,Both sexes,2548.0
Lao People's Democratic Republic,2017,Both sexes,3875.0
Lao People's Democratic Republic,2018,Both sexes,3770.0
Lao People's Democratic Republic,2016,Both sexes,3994.0
Lao People's Democratic Republic,2015,Both sexes,4106.0
Lao People's Democratic Republic,2014,Both sexes,4226.0
Lao People's Democratic Republic,2013,Both sexes,4362.0
Latvia,2018,Both sexes,41.0
Latvia,2017,Both sexes,45.0
Latvia,2013,Both sexes,67.0
Latvia,2015,Both sexes,54.0
Latvia,2016,Both sexes,49.0
Latvia,2014,Both sexes,60.0
Lebanon,2016,Both sexes,528.0
Lebanon,2015,Both sexes,535.0
Lebanon,2014,Both sexes,537.0
Lebanon,2013,Both sexes,534.0
Lebanon,2017,Both sexes,519.0
Lebanon,2018,Both sexes,505.0
Lesotho,2017,Both sexes,2019.0
Lesotho,2018,Both sexes,1968.0
Lesotho,2016,Both sexes,2062.0
Lesotho,2015,Both sexes,2105.0
Lesotho,2014,Both sexes,2140.0
Lesotho,2013,Both sexes,2167.0
Liberia,2014,Both sexes,4046.0
Liberia,2017,Both sexes,3935.0
Liberia,2018,Both sexes,3901.0
Liberia,2015,Both sexes,4008.0
Liberia,2016,Both sexes,3969.0
Liberia,2013,Both sexes,4077.0
Libya,2016,Both sexes,891.0
Libya,2017,Both sexes,845.0
Libya,2018,Both sexes,800.0
Libya,2015,Both sexes,938.0
Libya,2014,Both sexes,989.0
Libya,2013,Both sexes,1040.0
Lithuania,2015,Both sexes,71.0
Lithuania,2014,Both sexes,74.0
Lithuania,2018,Both sexes,60.0
Lithuania,2017,Both sexes,64.0
Lithuania,2016,Both sexes,68.0
Lithuania,2013,Both sexes,77.0
Luxembourg,2013,Both sexes,9.0
Luxembourg,2014,Both sexes,9.0
Luxembourg,2015,Both sexes,9.0
Luxembourg,2016,Both sexes,9.0
Luxembourg,2018,Both sexes,9.0
Luxembourg,2017,Both sexes,9.0
Madagascar,2017,Both sexes,17630.0
Madagascar,2018,Both sexes,17671.0
Madagascar,2013,Both sexes,17458.0
Madagascar,2016,Both sexes,17603.0
Madagascar,2015,Both sexes,17529.0
Madagascar,2014,Both sexes,17480.0
Malawi,2017,Both sexes,14098.0
Malawi,2018,Both sexes,13868.0
Malawi,2016,Both sexes,14376.0
Malawi,2015,Both sexes,14721.0
Malawi,2014,Both sexes,15158.0
Malawi,2013,Both sexes,15631.0
Malaysia,2014,Both sexes,2092.0
Malaysia,2017,Both sexes,2254.0
Malaysia,2018,Both sexes,2252.0
Malaysia,2013,Both sexes,2011.0
Malaysia,2015,Both sexes,2168.0
Malaysia,2016,Both sexes,2224.0
Maldives,2018,Both sexes,34.0
Maldives,2016,Both sexes,39.0
Maldives,2015,Both sexes,42.0
Maldives,2014,Both sexes,45.0
Maldives,2013,Both sexes,48.0
Maldives,2017,Both sexes,37.0
Mali,2017,Both sexes,26032.0
Mali,2018,Both sexes,25934.0
Mali,2013,Both sexes,26625.0
Mali,2014,Both sexes,26468.0
Mali,2016,Both sexes,26164.0
Mali,2015,Both sexes,26298.0
Malta,2017,Both sexes,20.0
Malta,2018,Both sexes,20.0
Malta,2016,Both sexes,20.0
Malta,2015,Both sexes,20.0
Malta,2014,Both sexes,19.0
Malta,2013,Both sexes,19.0
Marshall Islands,2013,Both sexes,27.0
Marshall Islands,2014,Both sexes,26.0
Marshall Islands,2015,Both sexes,25.0
Marshall Islands,2018,Both sexes,21.0
Marshall Islands,2017,Both sexes,22.0
Marshall Islands,2016,Both sexes,23.0
Mauritania,2017,Both sexes,4992.0
Mauritania,2018,Both sexes,4963.0
Mauritania,2014,Both sexes,5057.0
Mauritania,2015,Both sexes,5025.0
Mauritania,2016,Both sexes,5005.0
Mauritania,2013,Both sexes,5060.0
Mauritius,2017,Both sexes,113.0
Mauritius,2018,Both sexes,119.0
Mauritius,2016,Both sexes,111.0
Mauritius,2013,Both sexes,121.0
Mauritius,2014,Both sexes,117.0
Mauritius,2015,Both sexes,113.0
Mexico,2018,Both sexes,16676.0
Mexico,2015,Both sexes,17132.0
Mexico,2016,Both sexes,17000.0
Mexico,2013,Both sexes,17708.0
Mexico,2017,Both sexes,16918.0
Mexico,2014,Both sexes,17369.0
Micronesia (Federated States of),2018,Both sexes,41.0
Micronesia (Federated States of),2013,Both sexes,47.0
Micronesia (Federated States of),2014,Both sexes,46.0
Micronesia (Federated States of),2015,Both sexes,45.0
Micronesia (Federated States of),2016,Both sexes,43.0
Micronesia (Federated States of),2017,Both sexes,42.0
Monaco,2013,Both sexes,1.0
Monaco,2015,Both sexes,1.0
Monaco,2016,Both sexes,1.0
Monaco,2017,Both sexes,1.0
Monaco,2014,Both sexes,1.0
Monaco,2018,Both sexes,1.0
Mongolia,2018,Both sexes,665.0
Mongolia,2016,Both sexes,737.0
Mongolia,2014,Both sexes,804.0
Mongolia,2013,Both sexes,835.0
Mongolia,2017,Both sexes,701.0
Mongolia,2015,Both sexes,771.0
Montenegro,2017,Both sexes,13.0
Montenegro,2013,Both sexes,22.0
Montenegro,2014,Both sexes,19.0
Montenegro,2015,Both sexes,17.0
Montenegro,2016,Both sexes,15.0
Montenegro,2018,Both sexes,12.0
Morocco,2016,Both sexes,10495.0
Morocco,2013,Both sexes,12238.0
Morocco,2014,Both sexes,11657.0
Morocco,2018,Both sexes,9441.0
Morocco,2017,Both sexes,9944.0
Morocco,2015,Both sexes,11074.0
Mozambique,2014,Both sexes,31054.0
Mozambique,2016,Both sexes,30910.0
Mozambique,2013,Both sexes,31199.0
Mozambique,2018,Both sexes,30806.0
Mozambique,2017,Both sexes,30841.0
Mozambique,2015,Both sexes,30955.0
Myanmar,2016,Both sexes,22954.0
Myanmar,2018,Both sexes,21742.0
Myanmar,2013,Both sexes,25130.0
Myanmar,2014,Both sexes,24315.0
Myanmar,2015,Both sexes,23610.0
Myanmar,2017,Both sexes,22295.0
Namibia,2015,Both sexes,1139.0
Namibia,2016,Both sexes,1126.0
Namibia,2013,Both sexes,1144.0
Namibia,2014,Both sexes,1144.0
Namibia,2018,Both sexes,1092.0
Namibia,2017,Both sexes,1113.0
Nauru,2018,Both sexes,6.0
Nauru,2017,Both sexes,6.0
Nauru,2016,Both sexes,7.0
Nauru,2015,Both sexes,7.0
Nauru,2014,Both sexes,7.0
Nauru,2013,Both sexes,7.0
Nepal,2013,Both sexes,14208.0
Nepal,2015,Both sexes,12881.0
Nepal,2014,Both sexes,13510.0
Nepal,2017,Both sexes,11690.0
Nepal,2018,Both sexes,11215.0
Nepal,2016,Both sexes,12249.0
Netherlands,2017,Both sexes,393.0
Netherlands,2016,Both sexes,420.0
Netherlands,2015,Both sexes,443.0
Netherlands,2014,Both sexes,462.0
Netherlands,2013,Both sexes,475.0
Netherlands,2018,Both sexes,369.0
New Zealand,2013,Both sexes,216.0
New Zealand,2016,Both sexes,217.0
New Zealand,2014,Both sexes,218.0
New Zealand,2015,Both sexes,218.0
New Zealand,2018,Both sexes,208.0
New Zealand,2017,Both sexes,213.0
Nicaragua,2014,Both sexes,1299.0
Nicaragua,2013,Both sexes,1302.0
Nicaragua,2015,Both sexes,1296.0
Nicaragua,2016,Both sexes,1290.0
Nicaragua,2018,Both sexes,1254.0
Nicaragua,2017,Both sexes,1275.0
Niger,2017,Both sexes,25927.0
Niger,2016,Both sexes,25738.0
Niger,2015,Both sexes,25553.0
Niger,2014,Both sexes,25408.0
Niger,2013,Both sexes,25335.0
Niger,2018,Both sexes,26085.0
Nigeria,2016,Both sexes,264712.0
Nigeria,2015,Both sexes,262605.0
Nigeria,2014,Both sexes,260279.0
Nigeria,2013,Both sexes,258164.0
Nigeria,2017,Both sexes,266765.0
Nigeria,2018,Both sexes,267440.0
Niue,2014,Both sexes,0.0
Niue,2015,Both sexes,0.0
Niue,2016,Both sexes,0.0
Niue,2017,Both sexes,0.0
Niue,2018,Both sexes,0.0
Niue,2013,Both sexes,0.0
Norway,2014,Both sexes,98.0
Norway,2015,Both sexes,95.0
Norway,2013,Both sexes,101.0
Norway,2016,Both sexes,92.0
Norway,2018,Both sexes,88.0
Norway,2017,Both sexes,90.0
Oman,2016,Both sexes,450.0
Oman,2015,Both sexes,436.0
Oman,2013,Both sexes,404.0
Oman,2014,Both sexes,420.0
Oman,2018,Both sexes,466.0
Oman,2017,Both sexes,460.0
Pakistan,2014,Both sexes,263001.0
Pakistan,2013,Both sexes,264345.0
Pakistan,2015,Both sexes,261308.0
Pakistan,2016,Both sexes,258923.0
Pakistan,2018,Both sexes,251484.0
Pakistan,2017,Both sexes,255891.0
Palau,2018,Both sexes,2.0
Palau,2017,Both sexes,2.0
Palau,2016,Both sexes,2.0
Palau,2015,Both sexes,3.0
Palau,2014,Both sexes,3.0
Palau,2013,Both sexes,3.0
Panama,2013,Both sexes,785.0
Panama,2018,Both sexes,670.0
Panama,2017,Both sexes,694.0
Panama,2016,Both sexes,719.0
Panama,2015,Both sexes,742.0
Panama,2014,Both sexes,764.0
Papua New Guinea,2016,Both sexes,5239.0
Papua New Guinea,2018,Both sexes,5153.0
Papua New Guinea,2014,Both sexes,5340.0
Papua New Guinea,2013,Both sexes,5396.0
Papua New Guinea,2017,Both sexes,5202.0
Papua New Guinea,2015,Both sexes,5285.0
Paraguay,2016,Both sexes,1626.0
Paraguay,2015,Both sexes,1672.0
Paraguay,2013,Both sexes,1770.0
Paraguay,2017,Both sexes,1576.0
Paraguay,2018,Both sexes,1529.0
Paraguay,2014,Both sexes,1720.0
Peru,2018,Both sexes,4211.0
Peru,2016,Both sexes,4519.0
Peru,2015,Both sexes,4697.0
Peru,2014,Both sexes,4897.0
Peru,2013,Both sexes,5114.0
Peru,2017,Both sexes,4358.0
Philippines,2016,Both sexes,31588.0
Philippines,2015,Both sexes,32510.0
Philippines,2017,Both sexes,30577.0
Philippines,2018,Both sexes,29622.0
Philippines,2014,Both sexes,33339.0
Philippines,2013,Both sexes,34037.0
Poland,2016,Both sexes,1073.0
Poland,2015,Both sexes,1098.0
Poland,2014,Both sexes,1131.0
Poland,2013,Both sexes,1179.0
Poland,2017,Both sexes,1049.0
Poland,2018,Both sexes,1020.0
Portugal,2016,Both sexes,172.0
Portugal,2014,Both sexes,184.0
Portugal,2013,Both sexes,190.0
Portugal,2018,Both sexes,165.0
Portugal,2017,Both sexes,168.0
Portugal,2015,Both sexes,178.0
Qatar,2017,Both sexes,96.0
Qatar,2018,Both sexes,94.0
Qatar,2016,Both sexes,99.0
Qatar,2015,Both sexes,100.0
Qatar,2014,Both sexes,101.0
Qatar,2013,Both sexes,100.0
Republic of Korea,2018,Both sexes,565.0
Republic of Korea,2017,Both sexes,600.0
Republic of Korea,2015,Both sexes,676.0
Republic of Korea,2016,Both sexes,638.0
Republic of Korea,2013,Both sexes,741.0
Republic of Korea,2014,Both sexes,710.0
Republic of Moldova,2017,Both sexes,501.0
Republic of Moldova,2018,Both sexes,486.0
Republic of Moldova,2016,Both sexes,515.0
Republic of Moldova,2013,Both sexes,555.0
Republic of Moldova,2014,Both sexes,542.0
Republic of Moldova,2015,Both sexes,528.0
Republic of North Macedonia,2014,Both sexes,200.0
Republic of North Macedonia,2013,Both sexes,182.0
Republic of North Macedonia,2016,Both sexes,206.0
Republic of North Macedonia,2018,Both sexes,166.0
Republic of North Macedonia,2017,Both sexes,188.0
Republic of North Macedonia,2015,Both sexes,210.0
Romania,2018,Both sexes,644.0
Romania,2017,Both sexes,701.0
Romania,2015,Both sexes,850.0
Romania,2013,Both sexes,1008.0
Romania,2014,Both sexes,931.0
Romania,2016,Both sexes,772.0
Russian Federation,2013,Both sexes,7790.0
Russian Federation,2014,Both sexes,7517.0
Russian Federation,2016,Both sexes,6665.0
Russian Federation,2017,Both sexes,6230.0
Russian Federation,2018,Both sexes,5815.0
Russian Federation,2015,Both sexes,7122.0
Rwanda,2016,Both sexes,6542.0
Rwanda,2015,Both sexes,6658.0
Rwanda,2014,Both sexes,6820.0
Rwanda,2013,Both sexes,7003.0
Rwanda,2017,Both sexes,6421.0
Rwanda,2018,Both sexes,6215.0
Saint Kitts and Nevis,2016,Both sexes,6.0
Saint Kitts and Nevis,2015,Both sexes,6.0
Saint Kitts and Nevis,2014,Both sexes,6.0
Saint Kitts and Nevis,2013,Both sexes,6.0
Saint Kitts and Nevis,2017,Both sexes,6.0
Saint Kitts and Nevis,2018,Both sexes,5.0
Saint Lucia,2017,Both sexes,28.0
Saint Lucia,2013,Both sexes,30.0
Saint Lucia,2014,Both sexes,30.0
Saint Lucia,2015,Both sexes,29.0
Saint Lucia,2016,Both sexes,29.0
Saint Lucia,2018,Both sexes,27.0
Saint Vincent and the Grenadines,2017,Both sexes,16.0
Saint Vincent and the Grenadines,2013,Both sexes,19.0
Saint Vincent and the Grenadines,2014,Both sexes,18.0
Saint Vincent and the Grenadines,2015,Both sexes,17.0
Saint Vincent and the Grenadines,2016,Both sexes,17.0
Saint Vincent and the Grenadines,2018,Both sexes,15.0
Samoa,2014,Both sexes,46.0
Samoa,2017,Both sexes,41.0
Samoa,2013,Both sexes,48.0
Samoa,2015,Both sexes,44.0
Samoa,2016,Both sexes,43.0
Samoa,2018,Both sexes,40.0
San Marino,2018,Both sexes,0.0
San Marino,2017,Both sexes,0.0
San Marino,2016,Both sexes,0.0
San Marino,2015,Both sexes,0.0
San Marino,2014,Both sexes,0.0
San Marino,2013,Both sexes,0.0
Sao Tome and Principe,2016,Both sexes,100.0
Sao Tome and Principe,2015,Both sexes,104.0
Sao Tome and Principe,2014,Both sexes,108.0
Sao Tome and Principe,2013,Both sexes,111.0
Sao Tome and Principe,2018,Both sexes,93.0
Sao Tome and Principe,2017,Both sexes,97.0
Saudi Arabia,2018,Both sexes,2240.0
Saudi Arabia,2017,Both sexes,2401.0
Saudi Arabia,2016,Both sexes,2578.0
Saudi Arabia,2015,Both sexes,2783.0
Saudi Arabia,2014,Both sexes,3005.0
Saudi Arabia,2013,Both sexes,3237.0
Senegal,2013,Both sexes,12363.0
Senegal,2018,Both sexes,11289.0
Senegal,2017,Both sexes,11480.0
Senegal,2016,Both sexes,11698.0
Senegal,2015,Both sexes,11936.0
Senegal,2014,Both sexes,12164.0
Serbia,2017,Both sexes,299.0
Serbia,2016,Both sexes,317.0
Serbia,2015,Both sexes,337.0
Serbia,2014,Both sexes,360.0
Serbia,2013,Both sexes,382.0
Serbia,2018,Both sexes,282.0
Seychelles,2016,Both sexes,15.0
Seychelles,2015,Both sexes,15.0
Seychelles,2013,Both sexes,15.0
Seychelles,2017,Both sexes,15.0
Seychelles,2018,Both sexes,14.0
Seychelles,2014,Both sexes,15.0
Sierra Leone,2017,Both sexes,8568.0
Sierra Leone,2018,Both sexes,8399.0
Sierra Leone,2015,Both sexes,8955.0
Sierra Leone,2013,Both sexes,9468.0
Sierra Leone,2014,Both sexes,9213.0
Sierra Leone,2016,Both sexes,8746.0
Singapore,2015,Both sexes,52.0
Singapore,2013,Both sexes,52.0
Singapore,2014,Both sexes,52.0
Singapore,2016,Both sexes,53.0
Singapore,2018,Both sexes,54.0
Singapore,2017,Both sexes,54.0
Slovakia,2013,Both sexes,180.0
Slovakia,2014,Both sexes,176.0
Slovakia,2016,Both sexes,167.0
Slovakia,2018,Both sexes,157.0
Slovakia,2017,Both sexes,162.0
Slovakia,2015,Both sexes,172.0
Slovenia,2017,Both sexes,26.0
Slovenia,2013,Both sexes,33.0
Slovenia,2014,Both sexes,31.0
Slovenia,2018,Both sexes,24.0
Slovenia,2016,Both sexes,27.0
Slovenia,2015,Both sexes,29.0
Solomon Islands,2016,Both sexes,181.0
Solomon Islands,2017,Both sexes,178.0
Solomon Islands,2018,Both sexes,174.0
Solomon Islands,2013,Both sexes,189.0
Solomon Islands,2015,Both sexes,184.0
Solomon Islands,2014,Both sexes,187.0
Somalia,2013,Both sexes,23020.0
Somalia,2014,Both sexes,23082.0
Somalia,2015,Both sexes,23213.0
Somalia,2016,Both sexes,23287.0
Somalia,2017,Both sexes,23416.0
Somalia,2018,Both sexes,23574.0
South Africa,2013,Both sexes,14685.0
South Africa,2014,Both sexes,14324.0
South Africa,2015,Both sexes,13926.0
South Africa,2016,Both sexes,13562.0
South Africa,2017,Both sexes,13166.0
South Africa,2018,Both sexes,12717.0
South Sudan,2014,Both sexes,15249.0
South Sudan,2013,Both sexes,15158.0
South Sudan,2017,Both sexes,15460.0
South Sudan,2016,Both sexes,15469.0
South Sudan,2018,Both sexes,15475.0
South Sudan,2015,Both sexes,15337.0
Spain,2014,Both sexes,860.0
Spain,2015,Both sexes,809.0
Spain,2016,Both sexes,763.0
Spain,2013,Both sexes,912.0
Spain,2018,Both sexes,684.0
Spain,2017,Both sexes,722.0
Sri Lanka,2018,Both sexes,1509.0
Sri Lanka,2017,Both sexes,1602.0
Sri Lanka,2016,Both sexes,1708.0
Sri Lanka,2015,Both sexes,1825.0
Sri Lanka,2013,Both sexes,2059.0
Sri Lanka,2014,Both sexes,1947.0
Sudan,2018,Both sexes,38478.0
Sudan,2017,Both sexes,38770.0
Sudan,2013,Both sexes,39813.0
Sudan,2014,Both sexes,39626.0
Sudan,2015,Both sexes,39341.0
Sudan,2016,Both sexes,39030.0
Suriname,2015,Both sexes,119.0
Suriname,2018,Both sexes,107.0
Suriname,2017,Both sexes,111.0
Suriname,2013,Both sexes,127.0
Suriname,2014,Both sexes,123.0
Suriname,2016,Both sexes,115.0
Sweden,2014,Both sexes,186.0
Sweden,2015,Both sexes,186.0
Sweden,2016,Both sexes,186.0
Sweden,2013,Both sexes,184.0
Sweden,2017,Both sexes,183.0
Sweden,2018,Both sexes,179.0
Switzerland,2015,Both sexes,260.0
Switzerland,2014,Both sexes,258.0
Switzerland,2017,Both sexes,261.0
Switzerland,2016,Both sexes,261.0
Switzerland,2018,Both sexes,258.0
Switzerland,2013,Both sexes,255.0
Syrian Arab Republic,2017,Both sexes,3816.0
Syrian Arab Republic,2018,Both sexes,3740.0
Syrian Arab Republic,2016,Both sexes,3925.0
Syrian Arab Republic,2015,Both sexes,4066.0
Syrian Arab Republic,2014,Both sexes,4249.0
Syrian Arab Republic,2013,Both sexes,4437.0
Tajikistan,2016,Both sexes,4383.0
Tajikistan,2015,Both sexes,4424.0
Tajikistan,2017,Both sexes,4301.0
Tajikistan,2013,Both sexes,4570.0
Tajikistan,2018,Both sexes,4193.0
Tajikistan,2014,Both sexes,4489.0
Thailand,2018,Both sexes,3603.0
Thailand,2015,Both sexes,4312.0
Thailand,2014,Both sexes,4574.0
Thailand,2013,Both sexes,4853.0
Thailand,2017,Both sexes,3827.0
Thailand,2016,Both sexes,4065.0
Timor-Leste,2018,Both sexes,762.0
Timor-Leste,2017,Both sexes,766.0
Timor-Leste,2016,Both sexes,768.0
Timor-Leste,2015,Both sexes,768.0
Timor-Leste,2014,Both sexes,771.0
Timor-Leste,2013,Both sexes,777.0
Togo,2017,Both sexes,6546.0
Togo,2013,Both sexes,6726.0
Togo,2018,Both sexes,6496.0
Togo,2015,Both sexes,6637.0
Togo,2014,Both sexes,6684.0
Togo,2016,Both sexes,6604.0
Tonga,2018,Both sexes,16.0
Tonga,2017,Both sexes,17.0
Tonga,2013,Both sexes,20.0
Tonga,2014,Both sexes,19.0
Tonga,2015,Both sexes,18.0
Tonga,2016,Both sexes,18.0
Trinidad and Tobago,2015,Both sexes,246.0
Trinidad and Tobago,2014,Both sexes,259.0
Trinidad and Tobago,2017,Both sexes,223.0
Trinidad and Tobago,2018,Both sexes,210.0
Trinidad and Tobago,2016,Both sexes,235.0
Trinidad and Tobago,2013,Both sexes,271.0
Tunisia,2017,Both sexes,2365.0
Tunisia,2018,Both sexes,2334.0
Tunisia,2014,Both sexes,2380.0
Tunisia,2013,Both sexes,2381.0
Tunisia,2015,Both sexes,2376.0
Tunisia,2016,Both sexes,2374.0
Turkey,2014,Both sexes,9837.0
Turkey,2015,Both sexes,9005.0
Turkey,2016,Both sexes,8181.0
Turkey,2018,Both sexes,7172.0
Turkey,2017,Both sexes,7555.0
Turkey,2013,Both sexes,10557.0
Turkmenistan,2017,Both sexes,3018.0
Turkmenistan,2018,Both sexes,2921.0
Turkmenistan,2014,Both sexes,3299.0
Turkmenistan,2015,Both sexes,3239.0
Turkmenistan,2016,Both sexes,3134.0
Turkmenistan,2013,Both sexes,3335.0
Tuvalu,2016,Both sexes,5.0
Tuvalu,2015,Both sexes,5.0
Tuvalu,2014,Both sexes,5.0
Tuvalu,2013,Both sexes,5.0
Tuvalu,2018,Both sexes,5.0
Tuvalu,2017,Both sexes,5.0
Uganda,2015,Both sexes,34157.0
Uganda,2017,Both sexes,32821.0
Uganda,2018,Both sexes,32296.0
Uganda,2016,Both sexes,33498.0
Uganda,2013,Both sexes,35421.0
Uganda,2014,Both sexes,34843.0
Ukraine,2016,Both sexes,2460.0
Ukraine,2015,Both sexes,2608.0
Ukraine,2013,Both sexes,2935.0
Ukraine,2014,Both sexes,2768.0
Ukraine,2018,Both sexes,2180.0
Ukraine,2017,Both sexes,2316.0
United Arab Emirates,2018,Both sexes,406.0
United Arab Emirates,2017,Both sexes,414.0
United Arab Emirates,2016,Both sexes,421.0
United Arab Emirates,2013,Both sexes,433.0
United Arab Emirates,2014,Both sexes,431.0
United Arab Emirates,2015,Both sexes,427.0
United Kingdom of Great Britain and Northern Ireland,2018,Both sexes,2006.0
United Kingdom of Great Britain and Northern Ireland,2017,Both sexes,2051.0
United Kingdom of Great Britain and Northern Ireland,2013,Both sexes,2238.0
United Kingdom of Great Britain and Northern Ireland,2014,Both sexes,2176.0
United Kingdom of Great Britain and Northern Ireland,2015,Both sexes,2128.0
United Kingdom of Great Britain and Northern Ireland,2016,Both sexes,2090.0
United Republic of Tanzania,2014,Both sexes,44299.0
United Republic of Tanzania,2015,Both sexes,44257.0
United Republic of Tanzania,2013,Both sexes,44458.0
United Republic of Tanzania,2018,Both sexes,44082.0
United Republic of Tanzania,2017,Both sexes,44128.0
United Republic of Tanzania,2016,Both sexes,44243.0
United States of America,2017,Both sexes,14096.0
United States of America,2016,Both sexes,14579.0
United States of America,2015,Both sexes,15084.0
United States of America,2014,Both sexes,15517.0
United States of America,2013,Both sexes,15842.0
United States of America,2018,Both sexes,13727.0
Uruguay,2018,Both sexes,216.0
Uruguay,2017,Both sexes,226.0
Uruguay,2014,Both sexes,243.0
Uruguay,2013,Both sexes,243.0
Uruguay,2016,Both sexes,234.0
Uruguay,2015,Both sexes,240.0
Uzbekistan,2013,Both sexes,11082.0
Uzbekistan,2014,Both sexes,10452.0
Uzbekistan,2015,Both sexes,9839.0
Uzbekistan,2017,Both sexes,8629.0
Uzbekistan,2018,Both sexes,8071.0
Uzbekistan,2016,Both sexes,9229.0
Vanuatu,2013,Both sexes,104.0
Vanuatu,2014,Both sexes,104.0
Vanuatu,2018,Both sexes,100.0
Vanuatu,2017,Both sexes,101.0
Vanuatu,2015,Both sexes,103.0
Vanuatu,2016,Both sexes,103.0
Venezuela (Bolivarian Republic of),2013,Both sexes,6378.0
Venezuela (Bolivarian Republic of),2014,Both sexes,6321.0
Venezuela (Bolivarian Republic of),2015,Both sexes,8188.0
Venezuela (Bolivarian Republic of),2016,Both sexes,8240.0
Venezuela (Bolivarian Republic of),2018,Both sexes,7896.0
Venezuela (Bolivarian Republic of),2017,Both sexes,8062.0
Viet Nam,2018,Both sexes,16878.0
Viet Nam,2017,Both sexes,17346.0
Viet Nam,2016,Both sexes,17651.0
Viet Nam,2015,Both sexes,17823.0
Viet Nam,2014,Both sexes,17924.0
Viet Nam,2013,Both sexes,17956.0
Yemen,2018,Both sexes,23445.0
Yemen,2016,Both sexes,23139.0
Yemen,2017,Both sexes,23320.0
Yemen,2015,Both sexes,22977.0
Yemen,2014,Both sexes,22787.0
Yemen,2013,Both sexes,22493.0
Zambia,2016,Both sexes,14845.0
Zambia,2015,Both sexes,14885.0
Zambia,2014,Both sexes,14886.0
Zambia,2013,Both sexes,14847.0
Zambia,2017,Both sexes,14820.0
Zambia,2018,Both sexes,14767.0
Zimbabwe,2014,Both sexes,11447.0
Zimbabwe,2013,Both sexes,12063.0
Zimbabwe,2016,Both sexes,10235.0
Zimbabwe,2015,Both sexes,10815.0
Zimbabwe,2018,Both sexes,9241.0
Zimbabwe,2017,Both sexes,9696.0
